lemma,cefr_level,ipa,def_en,source_list
aberration,C2,/ňĆ√¶b.…ôňąre…™. É…ôn/,A departure from what is normal or expected.,chatgpt_c2
abject,C2,/ňą√¶b.d íekt/,Extremely bad or lacking dignity.,chatgpt_c2
abjure,C2,/…ôbňąd í ä…ôr/,To formally renounce a belief.,chatgpt_c2
abscond,C2,/…ôbňąsk…índ/,To leave secretly to avoid duty.,chatgpt_c2
abstemious,C2,/…ôbňąstiňź.mi.…ôs/,Moderate in eating or drinking.,chatgpt_c2
abstruse,C2,/…ôbňąstruňźs/,Difficult to understand because very complex.,chatgpt_c2
accede,C2,/…ôkňąsiňźd/,To agree to a demand.,chatgpt_c2
accretion,C2,/…ôňąkriňź. É…ôn/,Gradual accumulation over time.,chatgpt_c2
acerbic,C2,/…ôňąs…úňź.b…™k/,Sharp and biting in tone.,chatgpt_c2
acquiesce,C2,/ňĆ√¶k.wiňąes/,To accept something without protest.,chatgpt_c2
acquittal,C2,/…ôňąkw…™t.…ôl/,A judgement of not guilty.,chatgpt_c2
adjunct,C2,/ňą√¶d.d í ĆŇčkt/,Something added but not essential.,chatgpt_c2
adroit,C2,/…ôňądr…Ē…™t/,Skilful and clever in handling situations.,chatgpt_c2
adulation,C2,/ňĆ√¶d.j äňąle…™. É…ôn/,Excessive admiration.,chatgpt_c2
adversarial,C2,/ňĆ√¶d.v…ôňąse…ô.ri.…ôl/,Involving conflict between sides.,chatgpt_c2
affable,C2,/ňą√¶f.…ô.b…ôl/,Friendly and easy to talk to.,chatgpt_c2
affinity,C2,/…ôňąf…™n.…ô.ti/,A natural liking or connection.,chatgpt_c2
aggrieved,C2,/…ôňą…°riňźvd/,Feeling unfairly treated.,chatgpt_c2
agitate,C2,/ňą√¶d í.…™.te…™t/,To disturb or stir up.,chatgpt_c2
alacrity,C2,/…ôňąl√¶k.r…ô.ti/,Willingness and quick enthusiasm.,chatgpt_c2
allegory,C2,/ňą√¶l.…™.…°…ôr.i/,A story with symbolic meaning.,chatgpt_c2
allude,C2,/…ôňąluňźd/,To refer indirectly.,chatgpt_c2
amalgamate,C2,/…ôňąm√¶l.…°…ô.me…™t/,To combine into one.,chatgpt_c2
ambivalent,C2,/√¶mňąb…™v.…ôl.…ônt/,Having mixed feelings about something.,chatgpt_c2
ameliorate,C2,/…ôňąmiňź.li.…ô.re…™t/,To make a situation better.,chatgpt_c2
amenable,C2,/…ôňąmiňź.n…ô.b…ôl/,Open to suggestion or control.,chatgpt_c2
anachronism,C2,/…ôňąn√¶k.r…ô.n…™z.…ôm/,Something out of its time.,chatgpt_c2
anachronistic,C2,/…ôňĆn√¶k.r…ôňąn…™s.t…™k/,Belonging to a different historical period.,chatgpt_c2
anecdotal,C2,/ňĆ√¶n.…™kňąd…ô ä.t…ôl/,Based on personal stories.,chatgpt_c2
animosity,C2,/ňĆ√¶n.…™ňąm…ís.…ô.ti/,Strong hostility or dislike.,chatgpt_c2
antipathy,C2,/√¶nňąt…™p.…ô.őłi/,Strong dislike.,chatgpt_c2
antithetical,C2,/ňĆ√¶n.tiňąőłet.…™.k…ôl/,Directly opposed in meaning or nature.,chatgpt_c2
appease,C2,/…ôňąpiňźz/,To calm someone by giving concessions.,chatgpt_c2
arbiter,C2,/ňą…Ďňź.b…™.t…ôr/,A person who settles disputes.,chatgpt_c2
arcane,C2,/…Ďňźňąke…™n/,Known or understood by very few people.,chatgpt_c2
arduous,C2,/ňą…Ďňź.d íu.…ôs/,Difficult and requiring great effort.,chatgpt_c2
ascertain,C2,/ňĆ√¶s.…ôňąte…™n/,To find out for certain.,chatgpt_c2
aspersion,C2,/…ôňąsp…úňź. É…ôn/,A damaging remark.,chatgpt_c2
assiduous,C2,/…ôňąs…™d í.u.…ôs/,Showing great care and persistence.,chatgpt_c2
assimilate,C2,/…ôňąs…™m.…™.le…™t/,To absorb information.,chatgpt_c2
assuage,C2,/…ôňąswe…™d í/,To relieve or calm.,chatgpt_c2
atrophy,C2,/ňą√¶t.r…ô.fi/,To weaken from lack of use.,chatgpt_c2
audacious,C2,/…Ēňźňąde…™. É…ôs/,Bold and daring.,chatgpt_c2
augment,C2,/…Ēňź…°ňąment/,To increase.,chatgpt_c2
auspicious,C2,/…Ēňźňąsp…™ É.…ôs/,Favourable or promising.,chatgpt_c2
austere,C2,/…íňąst…™…ôr/,Plain and severe in style or manner.,chatgpt_c2
autocratic,C2,/ňĆ…Ēňź.t…ôňąkr√¶t.…™k/,Ruling with absolute power.,chatgpt_c2
avarice,C2,/ňą√¶v.…ôr.…™s/,Extreme greed.,chatgpt_c2
axiomatic,C2,/ňĆ√¶k.si.…ôňąm√¶t.…™k/,Self evident.,chatgpt_c2
banal,C2,/b…ôňąn…Ďňźl/,So common as to be boring.,chatgpt_c2
belie,C2,/b…™ňąla…™/,To give a false impression.,chatgpt_c2
belligerent,C2,/b…ôňąl…™d í.…ôr.…ônt/,Hostile and ready to argue or fight.,chatgpt_c2
benevolent,C2,/b…ôňąnev.…ôl.…ônt/,Kind and wanting to help others.,chatgpt_c2
benign,C2,/b…™ňąna…™n/,Gentle or not harmful.,chatgpt_c2
bolster,C2,/ňąb…ô äl.st…ôr/,To support or strengthen something.,chatgpt_c2
bombastic,C2,/b…ímňąb√¶s.t…™k/,Using grand language with little meaning.,chatgpt_c2
burgeon,C2,/ňąb…úňź.d í…ôn/,To grow or develop quickly.,chatgpt_c2
cacophony,C2,/k…ôňąk…íf.…ô.ni/,A harsh mixture of loud sounds.,chatgpt_c2
candid,C2,/ňąk√¶n.d…™d/,Honest and straightforward.,chatgpt_c2
canny,C2,/ňąk√¶n.i/,Showing good judgement.,chatgpt_c2
capitulate,C2,/k…ôňąp…™t É. ä.le…™t/,To surrender or give in.,chatgpt_c2
capricious,C2,/k…ôňąpr…™ É.…ôs/,Changing suddenly and unpredictably.,chatgpt_c2
catalyst,C2,/ňąk√¶t.…ôl.…™st/,Something that causes significant change.,chatgpt_c2
caustic,C2,/ňąk…Ēňź.st…™k/,Bitterly critical or sarcastic.,chatgpt_c2
censure,C2,/ňąsen. É…ôr/,To strongly criticize.,chatgpt_c2
chastise,C2,/t É√¶sňąta…™z/,To criticize or punish severely.,chatgpt_c2
circumspect,C2,/ňąs…úňź.k…ôm.spekt/,Careful to avoid risk or mistakes.,chatgpt_c2
circumvent,C2,/ňĆs…úňź.k…ômňąvent/,To avoid or get around.,chatgpt_c2
clamour,C2,/ňąkl√¶m.…ôr/,A loud demand or protest.,chatgpt_c2
coalesce,C2,/ňĆk…ô ä.…ôňąles/,To come together into one whole.,chatgpt_c2
cogent,C2,/ňąk…ô ä.d í…ônt/,Clear and convincing.,chatgpt_c2
collate,C2,/k…ôňąle…™t/,To collect and arrange information.,chatgpt_c2
complacent,C2,/k…ômňąple…™.s…ônt/,Too satisfied with oneself.,chatgpt_c2
compunction,C2,/k…ômňąp ĆŇčk. É…ôn/,A feeling of guilt or regret.,chatgpt_c2
concomitant,C2,/k…ônňąk…ím.…™.t…ônt/,Happening naturally alongside something else.,chatgpt_c2
conducive,C2,/k…ônňądjuňź.s…™v/,Helping to produce a result.,chatgpt_c2
conflation,C2,/k…ônňąfle…™. É…ôn/,The merging of different ideas or things.,chatgpt_c2
conjecture,C2,/k…ônňąd íek.t É…ôr/,An opinion based on incomplete evidence.,chatgpt_c2
consternation,C2,/ňĆk…ín.st…ôňąne…™. É…ôn/,A feeling of anxiety or shock.,chatgpt_c2
construe,C2,/k…ônňąstruňź/,To interpret something in a particular way.,chatgpt_c2
contentious,C2,/k…ônňąten. É…ôs/,Likely to cause argument or disagreement.,chatgpt_c2
contrite,C2,/k…ônňątra…™t/,Feeling deeply sorry for wrongdoing.,chatgpt_c2
convoluted,C2,/ňąk…ín.v…ô.luňź.t…™d/,Extremely complex and hard to follow.,chatgpt_c2
copious,C2,/ňąk…ô ä.pi.…ôs/,Existing in large amounts.,chatgpt_c2
corroborate,C2,/k…ôňąr…íb.…ô.re…™t/,To confirm something with evidence.,chatgpt_c2
credence,C2,/ňąkriňź.d…ôns/,Belief in something.,chatgpt_c2
credulous,C2,/ňąkred.j ä.l…ôs/,Too willing to believe things.,chatgpt_c2
culminate,C2,/ňąk Ćl.m…™.ne…™t/,To reach the highest point.,chatgpt_c2
cursory,C2,/ňąk…úňź.s…ôr.i/,Quick and not detailed.,chatgpt_c2
dearth,C2,/d…úňźőł/,A serious lack of something.,chatgpt_c2
debacle,C2,/de…™ňąb…Ďňź.k…ôl/,A complete and embarrassing failure.,chatgpt_c2
debilitate,C2,/d…™ňąb…™l.…™.te…™t/,To weaken severely.,chatgpt_c2
deference,C2,/ňądef.…ôr.…ôns/,Respect shown toward someone or something.,chatgpt_c2
deleterious,C2,/ňĆdel.…ôňąt…™…ô.ri.…ôs/,Harmful or damaging.,chatgpt_c2
delineate,C2,/d…™ňąl…™n.i.e…™t/,To describe precisely.,chatgpt_c2
demure,C2,/d…™ňąmj ä…ôr/,Shy and modest.,chatgpt_c2
denigrate,C2,/ňąden.…™.…°re…™t/,To unfairly criticize or belittle.,chatgpt_c2
deride,C2,/d…™ňąra…™d/,To mock or ridicule.,chatgpt_c2
desiccate,C2,/ňądes.…™.ke…™t/,To dry out completely.,chatgpt_c2
despondent,C2,/d…™ňąsp…ín.d…ônt/,Very unhappy and without hope.,chatgpt_c2
desultory,C2,/ňądez.…ôl.t…ôr.i/,Lacking plan or enthusiasm.,chatgpt_c2
deterrent,C2,/d…™ňąter.…ônt/,Something that discourages action.,chatgpt_c2
detrimental,C2,/ňĆdet.r…™ňąmen.t…ôl/,Causing harm or damage.,chatgpt_c2
diaphanous,C2,/da…™ňą√¶f.…ô.n…ôs/,Light and delicate.,chatgpt_c2
diatribe,C2,/ňąda…™.…ô.tra…™b/,An angry critical speech or text.,chatgpt_c2
didactic,C2,/da…™ňąd√¶k.t…™k/,Intended to teach in a moralizing way.,chatgpt_c2
diffident,C2,/ňąd…™f.…™.d…ônt/,Shy and lacking self-confidence.,chatgpt_c2
diligent,C2,/ňąd…™l.…™.d í…ônt/,Careful and hardworking.,chatgpt_c2
disabuse,C2,/ňĆd…™s.…ôňąbjuňźz/,To free from a mistaken belief.,chatgpt_c2
discerning,C2,/d…™ňąs…úňź.n…™Ňč/,Showing good judgement and taste.,chatgpt_c2
discredit,C2,/d…™sňąkred.…™t/,To harm reputation.,chatgpt_c2
disdain,C2,/d…™sňąde…™n/,To regard with contempt.,chatgpt_c2
disentangle,C2,/ňĆd…™s.…™nňąt√¶Ňč.…°…ôl/,To free from confusion.,chatgpt_c2
disingenuous,C2,/ňĆd…™s.…™nňąd íen.ju.…ôs/,Not sincere or honest.,chatgpt_c2
disparage,C2,/d…™ňąsp√¶r.…™d í/,To criticize someone unfairly.,chatgpt_c2
disparate,C2,/ňąd…™s.p…ôr.…ôt/,Very different from each other.,chatgpt_c2
dissonance,C2,/ňąd…™s.…ôn.…ôns/,A lack of agreement or harmony.,chatgpt_c2
divergent,C2,/da…™ňąv…úňź.d í…ônt/,Developing in different directions.,chatgpt_c2
dogged,C2,/ňąd…í…°.…™d/,Showing stubborn determination.,chatgpt_c2
dogmatic,C2,/d…í…°ňąm√¶t.…™k/,Expressing opinions as unquestionable facts.,chatgpt_c2
dubiety,C2,/djuňźňąba…™.…ô.ti/,A state of doubt.,chatgpt_c2
ebullient,C2,/…™ňąb Ćl.i.…ônt/,Cheerful and full of energy.,chatgpt_c2
eclectic,C2,/…™ňąklek.t…™k/,Drawing ideas from varied sources.,chatgpt_c2
efface,C2,/…™ňąfe…™s/,To erase or remove.,chatgpt_c2
efficacy,C2,/ňąef.…™.k…ô.si/,The ability to produce a desired result.,chatgpt_c2
effrontery,C2,/…™ňąfr Ćn.t…ôr.i/,Shameless boldness.,chatgpt_c2
egregious,C2,/…™ňą…°riňź.d í…ôs/,Extremely bad or shocking.,chatgpt_c2
elicit,C2,/iňąl…™s.…™t/,To draw out a response or information.,chatgpt_c2
elucidate,C2,/iňąluňź.s…™.de…™t/,To explain something clearly.,chatgpt_c2
emulate,C2,/ňąem.j…ô.le…™t/,To try to equal or surpass.,chatgpt_c2
encroach,C2,/…™nňąkr…ô ät É/,To gradually take over.,chatgpt_c2
endemic,C2,/enňądem.…™k/,Regularly found in a place or group.,chatgpt_c2
enigma,C2,/…™ňąn…™…°.m…ô/,A mysterious puzzle.,chatgpt_c2
enmity,C2,/ňąen.m…ô.ti/,Deep hostility or hatred.,chatgpt_c2
entail,C2,/…™nňąte…™l/,To involve necessarily.,chatgpt_c2
entreat,C2,/…™nňątriňźt/,To beg earnestly.,chatgpt_c2
ephemeral,C2,/…™ňąfem.…ôr.…ôl/,Lasting a very short time.,chatgpt_c2
epitome,C2,/…™ňąp…™t.…ô.mi/,A perfect example of something.,chatgpt_c2
equanimity,C2,/ňĆek.w…ôňąn…™m.…ô.ti/,Calmness under stress.,chatgpt_c2
equivocal,C2,/…™ňąkw…™v.…ô.k…ôl/,Open to more than one interpretation.,chatgpt_c2
equivocate,C2,/…™ňąkw…™v.…ô.ke…™t/,To speak unclearly to avoid commitment.,chatgpt_c2
erstwhile,C2,/ňą…úňźst.wa…™l/,Former or previous.,chatgpt_c2
erudite,C2,/ňąer.j ä.da…™t/,Having deep scholarly knowledge.,chatgpt_c2
eschew,C2,/…™sňąt Éuňź/,To deliberately avoid something.,chatgpt_c2
esoteric,C2,/ňĆiňź.s…ôňąter.…™k/,Understood by only a small group.,chatgpt_c2
ethos,C2,/ňąiňź.őł…ís/,The characteristic spirit of a culture.,chatgpt_c2
evince,C2,/…™ňąv…™ns/,To show clearly.,chatgpt_c2
exacerbate,C2,/…™…°ňąz√¶s.…ô.be…™t/,To make a problem worse.,chatgpt_c2
exacting,C2,/…™…°ňąz√¶k.t…™Ňč/,Demanding great care and precision.,chatgpt_c2
exculpate,C2,/ňąeks.k Ćl.pe…™t/,To clear from blame.,chatgpt_c2
exhort,C2,/…™…°ňąz…Ēňźt/,To strongly encourage.,chatgpt_c2
exonerate,C2,/…™…°ňąz…ín.…ô.re…™t/,To clear someone from blame.,chatgpt_c2
expedient,C2,/…™kňąspiňź.di.…ônt/,Useful though possibly not morally right.,chatgpt_c2
extol,C2,/…™kňąst…ô äl/,To praise highly.,chatgpt_c2
facetious,C2,/f…ôňąsiňź. É…ôs/,Treating serious issues with inappropriate humour.,chatgpt_c2
fallacious,C2,/f…ôňąle…™. É…ôs/,Based on false reasoning.,chatgpt_c2
fastidious,C2,/f√¶sňąt…™d.i.…ôs/,Very attentive to detail and cleanliness.,chatgpt_c2
fatuous,C2,/ňąf√¶t É.u.…ôs/,Silly and pointless.,chatgpt_c2
fervent,C2,/ňąf…úňź.v…ônt/,Showing strong feeling.,chatgpt_c2
flagrant,C2,/ňąfle…™.…°r…ônt/,Shockingly obvious and offensive.,chatgpt_c2
flippant,C2,/ňąfl…™p.…ônt/,Not showing proper seriousness.,chatgpt_c2
florid,C2,/ňąfl…ír.…™d/,Excessively elaborate.,chatgpt_c2
forbearance,C2,/f…Ēňźňąbe…ô.r…ôns/,Patient self control.,chatgpt_c2
fortuitous,C2,/f…Ēňźňątjuňź.…™.t…ôs/,Happening by chance in a lucky way.,chatgpt_c2
fractious,C2,/ňąfr√¶k. É…ôs/,Irritable and difficult to control.,chatgpt_c2
frivolous,C2,/ňąfr…™v.…ôl.…ôs/,Not serious or important.,chatgpt_c2
galvanize,C2,/ňą…°√¶l.v…ô.na…™z/,To stimulate into action.,chatgpt_c2
garrulous,C2,/ňą…°√¶r.…ô.l…ôs/,Talking too much about trivial matters.,chatgpt_c2
germane,C2,/d í…úňźňąme…™n/,Relevant to a subject.,chatgpt_c2
grandiose,C2,/ňą…°r√¶n.di.…ô äs/,Impressive but unrealistic.,chatgpt_c2
gratuitous,C2,/…°r…ôňątjuňź.…™.t…ôs/,Unnecessary or not justified.,chatgpt_c2
gregarious,C2,/…°r…™ňą…°e…ô.ri.…ôs/,Sociable and enjoying company.,chatgpt_c2
hackneyed,C2,/ňąh√¶k.niňźd/,Overused and lacking originality.,chatgpt_c2
hapless,C2,/ňąh√¶p.l…ôs/,Unlucky or unfortunate.,chatgpt_c2
harangue,C2,/h…ôňąr√¶Ňč/,A forceful and angry speech.,chatgpt_c2
harbinger,C2,/ňąh…Ďňź.b…™n.d í…ôr/,A sign that something is coming.,chatgpt_c2
haughty,C2,/ňąh…Ēňź.ti/,Proud and showing superiority.,chatgpt_c2
hegemony,C2,/h…™ňąd íem.…ô.ni/,Dominance by one group over others.,chatgpt_c2
heinous,C2,/ňąhe…™.n…ôs/,Extremely wicked or evil.,chatgpt_c2
heretical,C2,/h…ôňąret.…™.k…ôl/,Against accepted beliefs.,chatgpt_c2
hinder,C2,/ňąh…™n.d…ôr/,To make progress difficult.,chatgpt_c2
homogeneous,C2,/ňĆh…ô ä.m…ôňąd íiňź.ni.…ôs/,Uniform in composition.,chatgpt_c2
hubris,C2,/ňąhjuňź.br…™s/,Excessive pride leading to failure.,chatgpt_c2
hyperbole,C2,/ha…™ňąp…úňź.b…ô.li/,Exaggeration for effect.,chatgpt_c2
hypocrisy,C2,/h…™ňąp…ík.r…™.si/,Pretending to have virtues one lacks.,chatgpt_c2
iconoclast,C2,/a…™ňąk…ín.…ô.kl√¶st/,Someone who challenges established beliefs.,chatgpt_c2
iconoclastic,C2,/a…™ňĆk…ín.…ôňąkl√¶s.t…™k/,Challenging established beliefs.,chatgpt_c2
idiosyncratic,C2,/ňĆ…™d.i.…ô.s…™Ňčňąkr√¶t.…™k/,Unusual and specific to one person.,chatgpt_c2
idyllic,C2,/…™ňąd…™l.…™k/,Extremely peaceful and pleasant.,chatgpt_c2
illicit,C2,/…™ňąl…™s.…™t/,Forbidden by law.,chatgpt_c2
imbue,C2,/…™mňąbjuňź/,To inspire or fill with a feeling.,chatgpt_c2
immutable,C2,/…™ňąmjuňź.t…ô.b…ôl/,Unable to change.,chatgpt_c2
impasse,C2,/√¶mňąp√¶s/,A situation with no progress.,chatgpt_c2
impecunious,C2,/ňĆ…™m.p…™ňąkjuňź.ni.…ôs/,Having little or no money.,chatgpt_c2
imperative,C2,/…™mňąper.…ô.t…™v/,Extremely important or urgent.,chatgpt_c2
imperious,C2,/…™mňąp…™…ô.ri.…ôs/,Arrogant and domineering.,chatgpt_c2
impertinent,C2,/…™mňąp…úňź.t…™.n…ônt/,Rude or not relevant.,chatgpt_c2
impetuous,C2,/…™mňąpet É.u.…ôs/,Acting without thinking.,chatgpt_c2
impinge,C2,/…™mňąp…™nd í/,To have an effect often negative.,chatgpt_c2
implacable,C2,/…™mňąpl√¶k.…ô.b…ôl/,Impossible to satisfy or stop.,chatgpt_c2
implausible,C2,/…™mňąpl…Ēňź.z…ô.b…ôl/,Unlikely to be true.,chatgpt_c2
impute,C2,/…™mňąpjuňźt/,To attribute responsibility.,chatgpt_c2
inadvertent,C2,/ňĆ…™n.…ôdňąv…úňź.t…ônt/,Accidental and not intended.,chatgpt_c2
incisive,C2,/…™nňąsa…™.s…™v/,Clear and sharply analytical.,chatgpt_c2
incongruous,C2,/…™nňąk…íŇč.…°ru.…ôs/,Strange because unsuitable or inconsistent.,chatgpt_c2
indefatigable,C2,/ňĆ…™n.d…™ňąf√¶t.…™.…°…ô.b…ôl/,Never tiring and showing constant effort.,chatgpt_c2
indict,C2,/…™nňąda…™t/,To formally accuse of a crime.,chatgpt_c2
indispensable,C2,/ňĆ…™n.d…™ňąspen.s…ô.b…ôl/,Absolutely necessary.,chatgpt_c2
indolent,C2,/ňą…™n.d…ô.l…ônt/,Avoiding activity or exertion.,chatgpt_c2
indulgent,C2,/…™nňąd Ćl.d í…ônt/,Allowing oneself or others pleasure.,chatgpt_c2
ineffable,C2,/…™ňąnef.…ô.b…ôl/,Too great to be expressed in words.,chatgpt_c2
inept,C2,/…™ňąnept/,Lacking skill.,chatgpt_c2
inexorable,C2,/…™nňąek.s…ôr.…ô.b…ôl/,Impossible to stop or prevent.,chatgpt_c2
infallible,C2,/…™nňąf√¶l.…ô.b…ôl/,Incapable of making mistakes.,chatgpt_c2
ingenuous,C2,/…™nňąd íen.ju.…ôs/,Innocent and honest in a simple way.,chatgpt_c2
inimical,C2,/…™ňąn…™m.…™.k…ôl/,Harmful or hostile.,chatgpt_c2
innocuous,C2,/…™ňąn…ík.ju.…ôs/,Not harmful.,chatgpt_c2
inordinate,C2,/…™nňą…Ēňź.d…™.n…ôt/,Greater than usual or expected.,chatgpt_c2
insatiable,C2,/…™nňąse…™. É…ô.b…ôl/,Impossible to satisfy.,chatgpt_c2
insidious,C2,/…™nňąs…™d.i.…ôs/,Gradually causing harm in a subtle way.,chatgpt_c2
insipid,C2,/…™nňąs…™p.…™d/,Lacking flavour or interest.,chatgpt_c2
insolent,C2,/ňą…™n.s…ô.l…ônt/,Rude and showing lack of respect.,chatgpt_c2
insular,C2,/ňą…™n.sj ä.l…ôr/,Narrow minded or isolated.,chatgpt_c2
intelligible,C2,/…™nňątel.…™.d í…ô.b…ôl/,Able to be understood.,chatgpt_c2
intermittent,C2,/ňĆ…™n.t…ôňąm…™t.…ônt/,Occurring at intervals.,chatgpt_c2
intransigent,C2,/…™nňątr√¶n.s…™.d í…ônt/,Unwilling to change opinions.,chatgpt_c2
intrepid,C2,/…™nňątrep.…™d/,Fearless and adventurous.,chatgpt_c2
intricate,C2,/ňą…™n.tr…™.k…ôt/,Very complex.,chatgpt_c2
inundate,C2,/ňą…™n. Ćn.de…™t/,To overwhelm with a large amount.,chatgpt_c2
invasive,C2,/…™nňąve…™.s…™v/,Spreading harmfully.,chatgpt_c2
inveterate,C2,/…™nňąvet.…ôr.…ôt/,Long established and unlikely to change.,chatgpt_c2
irascible,C2,/…™ňąr√¶s.…ô.b…ôl/,Easily angered.,chatgpt_c2
irksome,C2,/ňą…úňźk.s…ôm/,Annoying.,chatgpt_c2
ironical,C2,/a…™ňąr…ín.…™.k…ôl/,Expressing irony.,chatgpt_c2
irreverent,C2,/…™ňąrev.…ôr.…ônt/,Showing lack of respect.,chatgpt_c2
jaded,C2,/ňąd íe…™.d…™d/,Tired or bored.,chatgpt_c2
judicious,C2,/d íuňźňąd…™ É.…ôs/,Showing good judgement.,chatgpt_c2
juxtapose,C2,/ňĆd í Ćk.st…ôňąp…ô äz/,To place side by side for comparison.,chatgpt_c2
knack,C2,/n√¶k/,A special skill.,chatgpt_c2
laconic,C2,/l…ôňąk…ín.…™k/,Using very few words.,chatgpt_c2
lament,C2,/l…ôňąment/,To express sorrow.,chatgpt_c2
languid,C2,/ňąl√¶Ňč.…°w…™d/,Lacking energy.,chatgpt_c2
largesse,C2,/l…Ďňźňą íes/,Generosity in giving money or gifts.,chatgpt_c2
latent,C2,/ňąle…™.t…ônt/,Existing but not yet visible.,chatgpt_c2
laudable,C2,/ňąl…Ēňź.d…ô.b…ôl/,Deserving praise.,chatgpt_c2
lax,C2,/l√¶ks/,Not strict.,chatgpt_c2
lethargic,C2,/l…ôňąőł…Ďňź.d í…™k/,Sluggish and lacking energy.,chatgpt_c2
levity,C2,/ňąlev.…™.ti/,Humour in serious situations.,chatgpt_c2
loquacious,C2,/l…ôňąkwe…™. É…ôs/,Very talkative.,chatgpt_c2
lucid,C2,/ňąluňź.s…™d/,Clear and easy to understand.,chatgpt_c2
lucidity,C2,/luňźňąs…™d.…™.ti/,Clarity of thought.,chatgpt_c2
lucrative,C2,/ňąluňź.kr…ô.t…™v/,Producing much profit.,chatgpt_c2
lukewarm,C2,/ňĆluňźkňąw…Ēňźm/,Showing little enthusiasm.,chatgpt_c2
lurid,C2,/ňąl ä…ô.r…™d/,Shocking or sensational.,chatgpt_c2
magnanimous,C2,/m√¶…°ňąn√¶n.…™.m…ôs/,Generous and forgiving.,chatgpt_c2
magnify,C2,/ňąm√¶…°.n…™.fa…™/,To make appear larger.,chatgpt_c2
malevolent,C2,/m…ôňąlev.…ôl.…ônt/,Wishing harm to others.,chatgpt_c2
malign,C2,/m…ôňąla…™n/,To speak badly of.,chatgpt_c2
malleable,C2,/ňąm√¶l.i.…ô.b…ôl/,Easily influenced or changed.,chatgpt_c2
maverick,C2,/ňąm√¶v.…ôr.…™k/,An independent thinker.,chatgpt_c2
meander,C2,/miňą√¶n.d…ôr/,To wander aimlessly.,chatgpt_c2
mediocre,C2,/ňĆmiňź.diňą…ô ä.k…ôr/,Of average quality.,chatgpt_c2
mendacious,C2,/menňąde…™. É…ôs/,Not telling the truth.,chatgpt_c2
mercenary,C2,/ňąm…úňź.s…ôn.…ôr.i/,Motivated by money.,chatgpt_c2
meticulous,C2,/m…ôňąt…™k.j ä.l…ôs/,Showing great attention to detail.,chatgpt_c2
misanthropic,C2,/ňĆm…™s.…ônňąőłr…íp.…™k/,Disliking humankind.,chatgpt_c2
misconstrue,C2,/ňĆm…™s.k…ônňąstruňź/,To interpret wrongly.,chatgpt_c2
mitigate,C2,/ňąm…™t.…™.…°e…™t/,To reduce severity.,chatgpt_c2
modicum,C2,/ňąm…íd.…™.k…ôm/,A small amount.,chatgpt_c2
moot,C2,/muňźt/,Open to debate.,chatgpt_c2
moribund,C2,/ňąm…ír.…™.b Ćnd/,Near death or decline.,chatgpt_c2
morose,C2,/m…ôňąr…ô äs/,Gloomy and sad.,chatgpt_c2
multifaceted,C2,/ňĆm Ćl.tiňąf√¶s.…™.t…™d/,Having many aspects.,chatgpt_c2
mundane,C2,/m Ćnňąde…™n/,Ordinary and lacking excitement.,chatgpt_c2
myriad,C2,/ňąm…™r.i.…ôd/,A very large number.,chatgpt_c2
nascent,C2,/ňąne…™.s…ônt/,Just beginning to exist.,chatgpt_c2
nebulous,C2,/ňąneb.j ä.l…ôs/,Vague and unclear.,chatgpt_c2
nefarious,C2,/n…™ňąfe…ô.ri.…ôs/,Wicked or criminal.,chatgpt_c2
negligible,C2,/ňąne…°.l…™.d í…ô.b…ôl/,So small as to be unimportant.,chatgpt_c2
neophyte,C2,/ňąniňź.…ô.fa…™t/,A beginner.,chatgpt_c2
nettlesome,C2,/ňąnet.…ôl.s…ôm/,Annoying or irritating.,chatgpt_c2
noisome,C2,/ňąn…Ē…™.s…ôm/,Unpleasant or harmful.,chatgpt_c2
nonchalant,C2,/ňąn…ín. É…ô.l…ônt/,Calm and unconcerned.,chatgpt_c2
nonplussed,C2,/ňĆn…ínňąpl Ćst/,Confused and unsure.,chatgpt_c2
notional,C2,/ňąn…ô ä. É…ôn.…ôl/,Existing only in theory.,chatgpt_c2
nuance,C2,/ňąnjuňź.…Ďňźns/,A subtle difference in meaning.,chatgpt_c2
nuanced,C2,/ňąnjuňź.…Ďňźnst/,Showing subtle differences.,chatgpt_c2
obdurate,C2,/ňą…íb.dj ä.r…ôt/,Stubbornly refusing change.,chatgpt_c2
obfuscate,C2,/ňą…íb.f Ćs.ke…™t/,To make something unclear.,chatgpt_c2
obsequious,C2,/…ôbňąsiňź.kwi.…ôs/,Too eager to please.,chatgpt_c2
obstinate,C2,/ňą…íb.st…™.n…ôt/,Refusing to change opinion.,chatgpt_c2
obviate,C2,/ňą…íb.vi.e…™t/,To remove a need.,chatgpt_c2
occlude,C2,/…ôňąkluňźd/,To block or close up.,chatgpt_c2
odious,C2,/ňą…ô ä.di.…ôs/,Extremely unpleasant.,chatgpt_c2
officious,C2,/…ôňąf…™ É.…ôs/,Too eager to control others.,chatgpt_c2
ominous,C2,/ňą…ím.…™.n…ôs/,Suggesting something bad will happen.,chatgpt_c2
onerous,C2,/ňą…ô ä.n…ôr.…ôs/,Difficult and burdensome.,chatgpt_c2
opprobrium,C2,/…ôňąpr…ô ä.bri.…ôm/,Harsh criticism.,chatgpt_c2
opulent,C2,/ňą…íp.j ä.l…ônt/,Rich and luxurious.,chatgpt_c2
ordain,C2,/…Ēňźňąde…™n/,To officially appoint.,chatgpt_c2
orthodox,C2,/ňą…Ēňź.őł…ô.d…íks/,Conforming to tradition.,chatgpt_c2
ostensible,C2,/…íňąsten.s…ô.b…ôl/,Appearing true but not real.,chatgpt_c2
outstrip,C2,/ňĆa ätňąstr…™p/,To surpass.,chatgpt_c2
overarching,C2,/ňĆ…ô ä.v…ôrňą…Ďňź.t É…™Ňč/,Including everything or most things.,chatgpt_c2
overstate,C2,/ňĆ…ô ä.v…ôňąste…™t/,To exaggerate.,chatgpt_c2
palatable,C2,/ňąp√¶l.…ô.t…ô.b…ôl/,Acceptable or agreeable.,chatgpt_c2
panacea,C2,/ňĆp√¶n.…ôňąsiňź.…ô/,A solution for all problems.,chatgpt_c2
paradoxical,C2,/ňĆp√¶r.…ôňąd…ík.s…™.k…ôl/,Seemingly contradictory but true.,chatgpt_c2
paragon,C2,/ňąp√¶r.…ô.…°…ín/,A perfect example.,chatgpt_c2
parochial,C2,/p…ôňąr…ô ä.ki.…ôl/,Narrow in outlook.,chatgpt_c2
parsimonious,C2,/ňĆp…Ďňź.s…™ňąm…ô ä.ni.…ôs/,Unwilling to spend money.,chatgpt_c2
partiality,C2,/ňĆp…Ďňź. Éiňą√¶l.…ô.ti/,Bias in favour.,chatgpt_c2
paucity,C2,/ňąp…Ēňź.s…™.ti/,A lack of something.,chatgpt_c2
pedantic,C2,/p…™ňąd√¶n.t…™k/,Overly concerned with minor details.,chatgpt_c2
pejorative,C2,/p…™ňąd í…ír.…ô.t…™v/,Expressing contempt or disapproval.,chatgpt_c2
penchant,C2,/ňąp…íŐÉ. É…íŐÉ/,A strong liking.,chatgpt_c2
perceptive,C2,/p…ôňąsep.t…™v/,Quick to notice.,chatgpt_c2
peremptory,C2,/p…ôňąremp.t…ôr.i/,Demanding immediate obedience.,chatgpt_c2
perfunctory,C2,/p…ôňąf ĆŇčk.t…ôr.i/,Done with little care.,chatgpt_c2
pernicious,C2,/p…ôňąn…™ É.…ôs/,Causing harm in a gradual way.,chatgpt_c2
pertinent,C2,/ňąp…úňź.t…™.n…ônt/,Relevant to a matter.,chatgpt_c2
pervasive,C2,/p…ôňąve…™.s…™v/,Spreading widely throughout.,chatgpt_c2
phlegmatic,C2,/fle…°ňąm√¶t.…™k/,Calm and unemotional.,chatgpt_c2
pithy,C2,/ňąp…™őł.i/,Brief but meaningful.,chatgpt_c2
placate,C2,/pl…ôňąke…™t/,To calm anger.,chatgpt_c2
plaintive,C2,/ňąple…™n.t…™v/,Expressing sadness.,chatgpt_c2
plenary,C2,/ňąpliňź.n…ôr.i/,Complete or full.,chatgpt_c2
plethora,C2,/ňąpleőł.…ôr.…ô/,A large or excessive amount.,chatgpt_c2
pluralistic,C2,/ňĆpl ä…ô.r…ôňąl…™s.t…™k/,Accepting diversity.,chatgpt_c2
polarize,C2,/ňąp…ô ä.l…ôr.a…™z/,To divide into extremes.,chatgpt_c2
ponderous,C2,/ňąp…ín.d…ôr.…ôs/,Slow and heavy.,chatgpt_c2
postulate,C2,/ňąp…ís.tj ä.le…™t/,To assume as true.,chatgpt_c2
pragmatism,C2,/ňąpr√¶…°.m…ô.t…™.z…ôm/,Practical approach.,chatgpt_c2
precarious,C2,/pr…™ňąke…ô.ri.…ôs/,Uncertain or unstable.,chatgpt_c2
preclude,C2,/pr…™ňąkluňźd/,To prevent from happening.,chatgpt_c2
precursor,C2,/pr…™ňąk…úňź.s…ôr/,Something that comes before.,chatgpt_c2
preempt,C2,/priňźňąempt/,To act before others.,chatgpt_c2
prescient,C2,/ňąpres.i.…ônt/,Knowing about events before they happen.,chatgpt_c2
prevalent,C2,/ňąprev.…ôl.…ônt/,Widespread.,chatgpt_c2
pristine,C2,/ňąpr…™s.tiňźn/,In original condition.,chatgpt_c2
probity,C2,/ňąpr…ô ä.b…™.ti/,Honesty and integrity.,chatgpt_c2
proclivity,C2,/pr…ôňąkl…™v.…™.ti/,A natural tendency.,chatgpt_c2
prodigious,C2,/pr…ôňąd…™d í.…ôs/,Remarkably large or impressive.,chatgpt_c2
profligate,C2,/ňąpr…íf.l…™.…°…ôt/,Recklessly wasteful.,chatgpt_c2
prognosticate,C2,/pr…í…°ňąn…ís.t…™.ke…™t/,To predict.,chatgpt_c2
proliferate,C2,/pr…ôňąl…™f.…ôr.e…™t/,To increase rapidly.,chatgpt_c2
prolix,C2,/ňąpr…ô ä.l…™ks/,Using too many words.,chatgpt_c2
propensity,C2,/pr…ôňąpen.s…™.ti/,A natural inclination.,chatgpt_c2
propitious,C2,/pr…ôňąp…™ É.…ôs/,Giving good chances of success.,chatgpt_c2
propound,C2,/pr…ôňąpa änd/,To propose an idea.,chatgpt_c2
prosaic,C2,/pr…ô äňąze…™.…™k/,Dull or ordinary.,chatgpt_c2
provident,C2,/ňąpr…ív.…™.d…ônt/,Preparing for the future.,chatgpt_c2
provincial,C2,/pr…ôňąv…™n. É…ôl/,Limited in outlook.,chatgpt_c2
prudent,C2,/ňąpruňź.d…ônt/,Acting with care.,chatgpt_c2
quell,C2,/kwel/,To suppress.,chatgpt_c2
quibble,C2,/ňąkw…™b.…ôl/,To argue over trivial matters.,chatgpt_c2
quiescent,C2,/kwa…™ňąes.…ônt/,Inactive or quiet.,chatgpt_c2
quintessence,C2,/kw…™nňątes.…ôns/,The purest form.,chatgpt_c2
quintessential,C2,/ňĆkw…™n.t…™ňąsen. É…ôl/,Representing the most perfect example.,chatgpt_c2
ramification,C2,/ňĆr√¶m.…™.f…™ňąke…™. É…ôn/,A consequence.,chatgpt_c2
rancour,C2,/ňąr√¶Ňč.k…ôr/,Deep resentment.,chatgpt_c2
rebuke,C2,/r…™ňąbjuňźk/,To criticize sharply.,chatgpt_c2
rebut,C2,/r…™ňąb Ćt/,To argue against.,chatgpt_c2
recalcitrant,C2,/r…™ňąk√¶l.s…™.tr…ônt/,Stubbornly refusing to obey.,chatgpt_c2
reciprocal,C2,/r…™ňąs…™p.r…ô.k…ôl/,Mutual.,chatgpt_c2
reconcile,C2,/ňąrek.…ôn.sa…™l/,To restore harmony.,chatgpt_c2
recondite,C2,/ňąrek.…ôn.da…™t/,Difficult to understand.,chatgpt_c2
redundant,C2,/r…™ňąd Ćn.d…ônt/,No longer needed.,chatgpt_c2
reiterate,C2,/riňźňą…™t.…ô.re…™t/,To repeat.,chatgpt_c2
relegate,C2,/ňąrel.…™.…°e…™t/,To assign a lower position.,chatgpt_c2
relinquish,C2,/r…™ňąl…™Ňč.kw…™ É/,To give up something.,chatgpt_c2
remiss,C2,/r…™ňąm…™s/,Careless about duties.,chatgpt_c2
remunerate,C2,/r…™ňąmjuňź.n…ô.re…™t/,To pay for services.,chatgpt_c2
renounce,C2,/r…™ňąna äns/,To give up formally.,chatgpt_c2
repercussion,C2,/ňĆriňź.p…ôňąk Ć É.…ôn/,An unintended consequence.,chatgpt_c2
replete,C2,/r…™ňąpliňźt/,Filled with.,chatgpt_c2
reprehensible,C2,/ňĆrep.r…™ňąhen.s…ô.b…ôl/,Deserving criticism.,chatgpt_c2
repudiate,C2,/r…™ňąpjuňź.di.e…™t/,To reject something strongly.,chatgpt_c2
requisite,C2,/ňąrek.w…™.z…™t/,Required.,chatgpt_c2
rescind,C2,/r…™ňąs…™nd/,To cancel.,chatgpt_c2
resilient,C2,/r…™ňąz…™l.i.…ônt/,Able to recover quickly.,chatgpt_c2
resolute,C2,/ňąrez.…ôl.uňźt/,Firmly determined.,chatgpt_c2
resonate,C2,/ňąrez.…ôn.e…™t/,To evoke a response.,chatgpt_c2
reticent,C2,/ňąret.…™.s…ônt/,Not revealing thoughts easily.,chatgpt_c2
retract,C2,/r…™ňątr√¶kt/,To withdraw a statement.,chatgpt_c2
reverberate,C2,/r…™ňąv…úňź.b…ôr.e…™t/,To echo or have impact.,chatgpt_c2
reverent,C2,/ňąrev.…ôr.…ônt/,Showing deep respect.,chatgpt_c2
rhetorical,C2,/r…™ňąt…ír.…™.k…ôl/,Used for effect not for answer.,chatgpt_c2
rudimentary,C2,/ňĆruňź.d…™ňąmen.t…ôr.i/,Basic and simple.,chatgpt_c2
sagacious,C2,/s…ôňą…°e…™. É…ôs/,Wise and insightful.,chatgpt_c2
salient,C2,/ňąse…™.li.…ônt/,Most noticeable or important.,chatgpt_c2
salubrious,C2,/s…ôňąluňź.bri.…ôs/,Healthy or pleasant.,chatgpt_c2
sanctimonious,C2,/ňĆs√¶Ňčk.t…™ňąm…ô ä.ni.…ôs/,Pretending to be morally superior.,chatgpt_c2
scathing,C2,/ňąske…™.√į…™Ňč/,Severely critical.,chatgpt_c2
sceptical,C2,/ňąskep.t…™.k…ôl/,Doubting or questioning.,chatgpt_c2
scrupulous,C2,/ňąskruňź.pj ä.l…ôs/,Very careful about moral standards.,chatgpt_c2
seditious,C2,/s…™ňąd…™ É.…ôs/,Encouraging rebellion.,chatgpt_c2
sedulous,C2,/ňąsed.j ä.l…ôs/,Showing dedication and effort.,chatgpt_c2
semblance,C2,/ňąsem.bl…ôns/,An outward appearance.,chatgpt_c2
sentient,C2,/ňąsen. É…ônt/,Able to perceive or feel.,chatgpt_c2
sentinel,C2,/ňąsen.t…™.n…ôl/,A guard or watcher.,chatgpt_c2
serendipity,C2,/ňĆser.…ônňąd…™p.…™.ti/,Finding something good by chance.,chatgpt_c2
serene,C2,/s…ôňąriňźn/,Calm and peaceful.,chatgpt_c2
servile,C2,/ňąs…úňź.va…™l/,Excessively obedient.,chatgpt_c2
shrewd,C2,/ Éruňźd/,Clever and practical.,chatgpt_c2
sinecure,C2,/ňąs…™n.…™.kj ä…ôr/,An easy job with pay.,chatgpt_c2
sluggish,C2,/ňąsl Ć…°.…™ É/,Slow and lacking energy.,chatgpt_c2
sobriety,C2,/s…ôňąbra…™.…ô.ti/,Seriousness or restraint.,chatgpt_c2
solicit,C2,/s…ôňąl…™s.…™t/,To ask for earnestly.,chatgpt_c2
somber,C2,/ňąs…ím.b…ôr/,Dark or serious.,chatgpt_c2
sophistry,C2,/ňąs…íf.…™.stri/,False reasoning.,chatgpt_c2
sporadic,C2,/sp…ôňąr√¶d.…™k/,Occurring at irregular intervals.,chatgpt_c2
spurious,C2,/ňąspj ä…ô.ri.…ôs/,False or not genuine.,chatgpt_c2
stagnant,C2,/ňąst√¶…°.n…ônt/,Not developing.,chatgpt_c2
staple,C2,/ňąste…™.p…ôl/,A main or essential item.,chatgpt_c2
staunch,C2,/st…Ēňźnt É/,Firm and loyal.,chatgpt_c2
steadfast,C2,/ňąsted.f…Ďňźst/,Firm and unwavering.,chatgpt_c2
stipulate,C2,/ňąst…™p.j ä.le…™t/,To specify conditions.,chatgpt_c2
stoic,C2,/ňąst…ô ä.…™k/,Enduring without emotion.,chatgpt_c2
strident,C2,/ňąstra…™.d…ônt/,Loud and harsh.,chatgpt_c2
subjugate,C2,/ňąs Ćb.d í ä.…°e…™t/,To bring under control.,chatgpt_c2
subservient,C2,/s…ôbňąs…úňź.vi.…ônt/,Excessively obedient.,chatgpt_c2
substantiate,C2,/s…ôbňąst√¶n. Éi.e…™t/,To provide evidence.,chatgpt_c2
succinct,C2,/s…ôkňąs…™Ňčkt/,Brief and clear.,chatgpt_c2
superfluous,C2,/suňźňąp…úňź.flu.…ôs/,More than necessary.,chatgpt_c2
supplant,C2,/s…ôňąpl…Ďňźnt/,To replace.,chatgpt_c2
surmise,C2,/s…ôňąma…™z/,To guess based on evidence.,chatgpt_c2
surpass,C2,/s…ôňąp…Ďňźs/,To exceed.,chatgpt_c2
surreptitious,C2,/ňĆs Ćr.…ôpňąt…™ É.…ôs/,Done secretly.,chatgpt_c2
tacit,C2,/ňąt√¶s.…™t/,Understood without being stated.,chatgpt_c2
tangential,C2,/t√¶nňąd íen. É…ôl/,Slightly related.,chatgpt_c2
temper,C2,/ňątem.p…ôr/,To moderate.,chatgpt_c2
tenable,C2,/ňąten.…ô.b…ôl/,Able to be defended.,chatgpt_c2
tenuous,C2,/ňąten.ju.…ôs/,Very weak or slight.,chatgpt_c2
terse,C2,/t…úňźs/,Brief and direct.,chatgpt_c2
thwart,C2,/őłw…Ēňźt/,To prevent success.,chatgpt_c2
timorous,C2,/ňąt…™m.…ôr.…ôs/,Easily frightened.,chatgpt_c2
tirade,C2,/ta…™ňąre…™d/,A long angry speech.,chatgpt_c2
tortuous,C2,/ňąt…Ēňź.t Éu.…ôs/,Complex and indirect.,chatgpt_c2
tractable,C2,/ňątr√¶k.t…ô.b…ôl/,Easy to control.,chatgpt_c2
transcend,C2,/tr√¶nňąsend/,To go beyond.,chatgpt_c2
transient,C2,/ňątr√¶n.zi.…ônt/,Lasting a short time.,chatgpt_c2
trenchant,C2,/ňątrent É.…ônt/,Sharp and clear in expression.,chatgpt_c2
trepidation,C2,/ňĆtrep.…™ňąde…™. É…ôn/,A feeling of fear.,chatgpt_c2
ubiquitous,C2,/juňźňąb…™k.w…™.t…ôs/,Present everywhere.,chatgpt_c2
ubiquity,C2,/juňźňąb…™k.w…™.ti/,The state of being everywhere.,chatgpt_c2
unanimous,C2,/juňźňąn√¶n.…™.m…ôs/,In complete agreement.,chatgpt_c2
unassailable,C2,/ňĆ Ćn.…ôňąse…™.l…ô.b…ôl/,Impossible to challenge.,chatgpt_c2
unequivocal,C2,/ňĆ Ćn.…™ňąkw…™v.…ô.k…ôl/,Leaving no doubt.,chatgpt_c2
unfettered,C2,/ Ćnňąfet.…ôd/,Not restricted.,chatgpt_c2
unscrupulous,C2,/ Ćnňąskruňź.pj ä.l…ôs/,Not honest or fair.,chatgpt_c2
untenable,C2,/ Ćnňąten.…ô.b…ôl/,Impossible to defend.,chatgpt_c2
utilitarian,C2,/ňĆjuňź.t…™.l…™ňąte…ô.ri.…ôn/,Focused on practical use.,chatgpt_c2
vacillate,C2,/ňąv√¶s.…™.le…™t/,To waver between choices.,chatgpt_c2
vapid,C2,/ňąv√¶p.…™d/,Lacking interest.,chatgpt_c2
vehement,C2,/ňąviňź.…ô.m…ônt/,Showing strong feeling.,chatgpt_c2
venerate,C2,/ňąven.…ô.re…™t/,To regard with great respect.,chatgpt_c2
veracity,C2,/v…ôňąr√¶s.…™.ti/,Truthfulness.,chatgpt_c2
verbose,C2,/v…úňźňąb…ô äs/,Using more words than needed.,chatgpt_c2
verisimilitude,C2,/ňĆver.…™.s…™ňąm…™l.…™.tjuňźd/,Appearance of truth.,chatgpt_c2
vindicate,C2,/ňąv…™n.d…™.ke…™t/,To prove someone right.,chatgpt_c2
vindictive,C2,/v…™nňąd…™k.t…™v/,Seeking revenge.,chatgpt_c2
virulent,C2,/ňąv…™r.j ä.l…ônt/,Highly harmful.,chatgpt_c2
vociferous,C2,/v…ô äňąs…™f.…ôr.…ôs/,Loud and forceful in expressing opinions.,chatgpt_c2
volatile,C2,/ňąv…íl.…ô.ta…™l/,Unstable and changeable.,chatgpt_c2
voracious,C2,/v…ôňąre…™. É…ôs/,Having a strong appetite.,chatgpt_c2
whimsical,C2,/ňąw…™m.z…™.k…ôl/,Playfully unusual.,chatgpt_c2
zealous,C2,/ňązel.…ôs/,Showing strong enthusiasm.,chatgpt_c2
